{
  "BreakfastFood": [
    {
      "id": "1",
      "name": "Pancakes",
      "disclosure": "Fluffy pancakes with maple syrup",
      "price": 5.99,
      "image": "src/foodImages/breakfastFoodImages/Pancakes.png"
    },
    {
      "id": "2",
      "name": "Omelette",
      "disclosure": "Three-egg omelette with cheese",
      "price": 7.99,
      "image": "src/foodImages/breakfastFoodImages/Omelette.png"
    },
    {
      "id": "3",
      "name": "Fruit Salad",
      "disclosure": "Fresh seasonal fruit salad",
      "price": 4.99,
      "image": "src/foodImages/breakfastFoodImages/Fruit Salad.png"
    },
    {
      "id": "4",
      "name": "Avocado Toast",
      "disclosure": "Whole grain toast topped with avocado",
      "price": 6.5,
      "image": "src/foodImages/breakfastFoodImages/Avocado Toast.png"
    },
    {
      "id": "5",
      "name": "Granola Bowl",
      "disclosure": "Granola served with yogurt and honey",
      "price": 5.49,
      "image": "src/foodImages/breakfastFoodImages/Granola Bowl.png"
    },
    {
      "id": "6",
      "name": "Smoothie",
      "disclosure": "Mixed berry smoothie with yogurt",
      "price": 3.99,
      "image": "src/foodImages/breakfastFoodImages/Smoothie.png"
    },
    {
      "id": "7",
      "name": "French Toast",
      "disclosure": "French toast with powdered sugar",
      "price": 6.99,
      "image": "src/foodImages/breakfastFoodImages/French Toast.png"
    },
    {
      "id": "8",
      "name": "Bagel with Cream Cheese",
      "disclosure": "Fresh bagel topped with cream cheese",
      "price": 2.99,
      "image": "src/foodImages/breakfastFoodImages/Bagel with Cream Cheese.png"
    },
    {
      "id": "9",
      "name": "Breakfast Burrito",
      "disclosure": "Burrito filled with eggs, cheese, and salsa",
      "price": 8.5,
      "image": "src/foodImages/breakfastFoodImages/Breakfast Burrito.png"
    },
    {
      "id": "10",
      "name": "Chia Pudding",
      "disclosure": "Chia seeds soaked in almond milk",
      "price": 4.5,
      "image": "src/foodImages/breakfastFoodImages/Chia Pudding.png"
    }
  ],
  "LunchFood": [
    {
      "id": "1",
      "name": "Caesar Salad",
      "disclosure": "Classic Caesar salad with croutons",
      "price": 9.99,
      "image": "src/foodImages/lunchFoodImages/Caesar Salad.png"
    },
    {
      "id": "2",
      "name": "Grilled Chicken Sandwich",
      "disclosure": "Chicken breast with lettuce and tomato",
      "price": 10.99,
      "image": "src/foodImages/lunchFoodImages/Grilled Chicken Sandwich.png"
    },
    {
      "id": "3",
      "name": "Veggie Burger",
      "disclosure": "Plant-based burger with avocado",
      "price": 11.49,
      "image": "src/foodImages/lunchFoodImages/Veggie Burger.png"
    },
    {
      "id": "4",
      "name": "Sushi Roll",
      "disclosure": "Fresh sushi rolls with wasabi",
      "price": 12.99,
      "image": "src/foodImages/lunchFoodImages/Sushi Roll.png"
    },
    {
      "id": "5",
      "name": "Pasta Primavera",
      "disclosure": "Pasta with fresh vegetables",
      "price": 9.5,
      "image": "src/foodImages/lunchFoodImages/Pasta Primavera.png"
    },
    {
      "id": "6",
      "name": "Quinoa Bowl",
      "disclosure": "Quinoa with black beans and corn",
      "price": 8.99,
      "image": "src/foodImages/lunchFoodImages/Quinoa Bowl.png"
    },
    {
      "id": "7",
      "name": "Chicken Tacos",
      "disclosure": "Soft tacos with grilled chicken",
      "price": 10.5,
      "image": "src/foodImages/lunchFoodImages/Chicken Tacos.png"
    },
    {
      "id": "8",
      "name": "Caprese Salad",
      "disclosure": "Tomato, mozzarella, and basil salad",
      "price": 7.99,
      "image": "src/foodImages/lunchFoodImages/Caprese Salad.png"
    },
    {
      "id": "9",
      "name": "Falafel Wrap",
      "disclosure": "Falafel in a wrap with veggies",
      "price": 8.5,
      "image": "src/foodImages/lunchFoodImages/Falafel Wrap.png"
    },
    {
      "id": "10",
      "name": "Beef Stir Fry",
      "disclosure": "Stir fry with beef and mixed vegetables",
      "price": 13.99,
      "image": "src/foodImages/lunchFoodImages/Beef Stir Fry.png"
    }
  ],
  "DinnerFood": [
    {
      "id": "1",
      "name": "Grilled Salmon",
      "disclosure": "Salmon fillet with lemon butter sauce",
      "price": 15.99,
      "image": "src/foodImages/dinnerFoodImages/Grilled Salmon.png"
    },
    {
      "id": "2",
      "name": "Steak",
      "disclosure": "Juicy steak with garlic mashed potatoes",
      "price": 19.99,
      "image": "src/foodImages/dinnerFoodImages/Steak.png"
    },
    {
      "id": "3",
      "name": "Vegetable Stir Fry",
      "disclosure": "Mixed vegetables stir fried with soy sauce",
      "price": 14.5,
      "image": "src/foodImages/dinnerFoodImages/Vegetable Stir Fry.png"
    },
    {
      "id": "4",
      "name": "Pasta Carbonara",
      "disclosure": "Classic pasta carbonara with bacon",
      "price": 13.5,
      "image": "src/foodImages/dinnerFoodImages/Pasta Carbonara.png"
    },
    {
      "id": "5",
      "name": "Chicken Alfredo",
      "disclosure": "Creamy Alfredo sauce with chicken",
      "price": 14.99,
      "image": "src/foodImages/dinnerFoodImages/Chicken Alfredo.png"
    },
    {
      "id": "6",
      "name": "Vegetarian Pizza",
      "disclosure": "Pizza topped with fresh vegetables",
      "price": 11.99,
      "image": "src/foodImagesdinner/FoodImages/Vegetarian Pizza.png"
    },
    {
      "id": "7",
      "name": "Shrimp Tacos",
      "disclosure": "Tacos filled with grilled shrimp",
      "price": 16.5,
      "image": "src/foodImages/dinnerFoodImages/Shrimp Tacos.png"
    },
    {
      "id": "8",
      "name": "Stuffed Peppers",
      "disclosure": "Peppers stuffed with rice and meat",
      "price": 12.99,
      "image": "src/foodImages/dinnerFoodImages/Stuffed Peppers.png"
    },
    {
      "id": "9",
      "name": "Mushroom Risotto",
      "disclosure": "Creamy risotto with mushrooms",
      "price": 13.99,
      "image": "src/foodImages/dinnerFoodImages/Mushroom Risotto.png"
    },
    {
      "id": "10",
      "name": "BBQ Ribs",
      "disclosure": "Tender ribs with BBQ sauce",
      "price": 17.99,
      "image": "src/foodImages/dinnerFoodImages/BBQ Ribs.png"
    }
  ]
}
